{
  "id": "dnd5e_DMTools",
  "title": "DND5E城主工具包-正體中文",
  "description": "DND5E城主工具包的正體中文化。目前整合了物品隨機表，部分常用物品材料等。部分功能依賴於Better Roll Tables。",
  "version": "1.0.0",
  "authors": [
    {
      "name": "Eternal Rider"
    },
    {
      "name": "苦力Dora"
    },
    {
      "name": "classpack社區"
    },
    {
      "name": "HKTRPG",
      "url": "https://support.hktrpg.com"
    }
  ],
  "packs": [
    {
      "name": "homebrewrolltable",
      "label": "DMT隨機表",
      "path": "packs/homebrewrolltable",
      "type": "RollTable",
      "system": "dnd5e",
      "ownership": {
        "PLAYER": "OBSERVER",
        "ASSISTANT": "OWNER"
      }
    },
    {
      "name": "homebrewmaterial",
      "label": "DMT材料表",
      "path": "packs/homebrewmaterial",
      "type": "Item",
      "system": "dnd5e",
      "ownership": {
        "PLAYER": "OBSERVER",
        "ASSISTANT": "OWNER"
      }
    },
    {
      "name": "homebrewjournal",
      "label": "DMT名字表",
      "path": "packs/homebrewjournal",
      "type": "JournalEntry",
      "system": "dnd5e",
      "ownership": {
        "PLAYER": "OBSERVER",
        "ASSISTANT": "OWNER"
      }
    },
    {
      "name": "lootfill",
      "label": "DMT道具表",
      "path": "packs/lootfill",
      "type": "Item",
      "system": "dnd5e",
      "ownership": {
        "PLAYER": "OBSERVER",
        "ASSISTANT": "OWNER"
      }
    },
    {
      "name": "DMTmagicItem",
      "label": "DMT魔法物品表",
      "path": "packs/DMTmagicItem",
      "type": "Item",
      "system": "dnd5e",
      "ownership": {
        "PLAYER": "OBSERVER",
        "ASSISTANT": "OWNER"
      }
    },
    {
      "name": "DMTHBrules",
      "label": "DMT私設",
      "path": "packs/DMTHBrules",
      "type": "JournalEntry",
      "system": "dnd5e",
      "ownership": {
        "PLAYER": "OBSERVER",
        "ASSISTANT": "OWNER"
      }
    }
  ],
  "relationships": {
    "systems": [
      {
        "id": "dnd5e",
        "type": "system",
        "compatibility": {}
      }
    ],
    "requires": [
      {
        "id": "dnd5e_classpack",
        "type": "module",
        "manifest": "https://github.com/hktrpg/fvtt-5e-classpack-zh-tw/releases/download/1.0.0/module.json",
        "compatibility": {
          "verified": "1.0.0"
        }
      }
    ],
    "recommends": [
      {
        "id": "better-rolltables",
        "type": "module",
        "manifest": "https://raw.githubusercontent.com/p4535992/foundryvtt-better-rolltables/master/src/module.json",
        "compatibility": {}
      }
    ]
  },
  "compatibility": {
    "minimum": "11",
    "verified": "11",
    "maximum": "12"
  },
  "url": "https://github.com/hktrpg/fvtt-5e-DMTools-zh-tw",
  "manifest": "https://github.com/hktrpg/fvtt-5e-DMTools-zh-tw/releases/download/1.0.0/module.json",
  "download": "https://github.com/hktrpg/fvtt-5e-DMTools-zh-tw/releases/download/1.0.0/dnd5e_DMTools.zip"
}